Day Num,Part 1 Duration,Part 2 Duration
1,219.644µs,750.487µs
2,428.205µs,333.489µs
3,518.784µs,545.105µs
4,1.480819ms,909.038µs
5,262.499µs,559.774461579s
