Day Num,Part 1 Duration,Part 2 Duration
01,353.677µs,493.952µs
02,448.366µs,212.12µs
03,527.124µs,246.244µs
04,666.868µs,292.151µs
05,1.295754ms,124.412475452s
06,157.317µs,6.883µs
07,3.090298ms,2.985209ms
08,816.921µs,2.942681ms
09,341.554µs,97.223µs
10,1.653168ms,1.729863ms
11,1.430969ms,1.424306ms
