Day Num,Part 1 Duration,Part 2 Duration
01,119.913µs,408.045µs
02,222.925µs,176.395µs
03,232.629µs,198.461µs
04,524.801µs,315.287µs
05,914.367µs,266.45267052s
06,49.618µs,13.242µs
07,6.382301ms,5.498826ms
08,1.684395ms,6.300229ms
